dataset,category,image_path,canonical_image_path,component_rank,threshold,x1,y1,x2,y2,cx,cy,area,mean_score,max_score,gt_iou,gt_f1
VisA,pipe_fryum,/root/private_data/iad-vlm-anomaly/datasets/VisA_anomalib_1cls/pipe_fryum/test/anomaly/pipe_fryum_test_anomaly_000.JPG,datasets/VisA_anomalib_1cls/pipe_fryum/test/anomaly/pipe_fryum_test_anomaly_000.JPG,1,0.6480520554617337,144,114,171,151,156.84,133.53,701,0.775449,1.000000,0.172611,0.294404
VisA,pipe_fryum,/root/private_data/iad-vlm-anomaly/datasets/VisA_anomalib_1cls/pipe_fryum/test/anomaly/pipe_fryum_test_anomaly_001.JPG,datasets/VisA_anomalib_1cls/pipe_fryum/test/anomaly/pipe_fryum_test_anomaly_001.JPG,1,0.6480520554617337,134,155,160,172,147.73,164.80,341,0.782304,1.000000,0.210526,0.347826
VisA,pipe_fryum,/root/private_data/iad-vlm-anomaly/datasets/VisA_anomalib_1cls/pipe_fryum/test/anomaly/pipe_fryum_test_anomaly_002.JPG,datasets/VisA_anomalib_1cls/pipe_fryum/test/anomaly/pipe_fryum_test_anomaly_002.JPG,1,0.6480520554617337,79,107,105,134,91.21,120.37,571,0.766896,1.000000,0.218914,0.359195
VisA,pipe_fryum,/root/private_data/iad-vlm-anomaly/datasets/VisA_anomalib_1cls/pipe_fryum/test/anomaly/pipe_fryum_test_anomaly_003.JPG,datasets/VisA_anomalib_1cls/pipe_fryum/test/anomaly/pipe_fryum_test_anomaly_003.JPG,1,0.6480520554617337,114,131,143,158,130.11,145.04,521,0.794375,1.000000,0.244898,0.393443
VisA,pipe_fryum,/root/private_data/iad-vlm-anomaly/datasets/VisA_anomalib_1cls/pipe_fryum/test/anomaly/pipe_fryum_test_anomaly_004.JPG,datasets/VisA_anomalib_1cls/pipe_fryum/test/anomaly/pipe_fryum_test_anomaly_004.JPG,1,0.6480520554617337,90,139,110,165,100.41,152.27,387,0.799115,1.000000,0.428571,0.600000
VisA,pipe_fryum,/root/private_data/iad-vlm-anomaly/datasets/VisA_anomalib_1cls/pipe_fryum/test/anomaly/pipe_fryum_test_anomaly_005.JPG,datasets/VisA_anomalib_1cls/pipe_fryum/test/anomaly/pipe_fryum_test_anomaly_005.JPG,1,0.6480520554617337,94,141,120,160,108.87,150.15,383,0.781481,1.000000,0.331633,0.498084
VisA,pipe_fryum,/root/private_data/iad-vlm-anomaly/datasets/VisA_anomalib_1cls/pipe_fryum/test/anomaly/pipe_fryum_test_anomaly_005.JPG,datasets/VisA_anomalib_1cls/pipe_fryum/test/anomaly/pipe_fryum_test_anomaly_005.JPG,2,0.6480520554617337,78,130,87,148,82.78,137.85,117,0.690122,0.758698,0.000000,0.000000
VisA,pipe_fryum,/root/private_data/iad-vlm-anomaly/datasets/VisA_anomalib_1cls/pipe_fryum/test/anomaly/pipe_fryum_test_anomaly_006.JPG,datasets/VisA_anomalib_1cls/pipe_fryum/test/anomaly/pipe_fryum_test_anomaly_006.JPG,1,0.6480520554617337,66,137,96,174,80.21,154.06,708,0.792644,1.000000,0.162311,0.279290
VisA,pipe_fryum,/root/private_data/iad-vlm-anomaly/datasets/VisA_anomalib_1cls/pipe_fryum/test/anomaly/pipe_fryum_test_anomaly_006.JPG,datasets/VisA_anomalib_1cls/pipe_fryum/test/anomaly/pipe_fryum_test_anomaly_006.JPG,2,0.6480520554617337,141,34,158,48,149.34,40.48,199,0.752800,0.894523,0.000000,0.000000
VisA,pipe_fryum,/root/private_data/iad-vlm-anomaly/datasets/VisA_anomalib_1cls/pipe_fryum/test/anomaly/pipe_fryum_test_anomaly_006.JPG,datasets/VisA_anomalib_1cls/pipe_fryum/test/anomaly/pipe_fryum_test_anomaly_006.JPG,3,0.6480520554617337,81,90,93,105,85.17,97.33,126,0.699672,0.757713,0.000000,0.000000
VisA,pipe_fryum,/root/private_data/iad-vlm-anomaly/datasets/VisA_anomalib_1cls/pipe_fryum/test/anomaly/pipe_fryum_test_anomaly_007.JPG,datasets/VisA_anomalib_1cls/pipe_fryum/test/anomaly/pipe_fryum_test_anomaly_007.JPG,1,0.6480520554617337,70,109,88,128,79.14,118.62,274,0.798888,1.000000,0.208029,0.344411
VisA,pipe_fryum,/root/private_data/iad-vlm-anomaly/datasets/VisA_anomalib_1cls/pipe_fryum/test/anomaly/pipe_fryum_test_anomaly_008.JPG,datasets/VisA_anomalib_1cls/pipe_fryum/test/anomaly/pipe_fryum_test_anomaly_008.JPG,1,0.6480520554617337,82,127,104,152,91.86,139.08,413,0.807492,1.000000,0.387409,0.558464
VisA,pipe_fryum,/root/private_data/iad-vlm-anomaly/datasets/VisA_anomalib_1cls/pipe_fryum/test/anomaly/pipe_fryum_test_anomaly_008.JPG,datasets/VisA_anomalib_1cls/pipe_fryum/test/anomaly/pipe_fryum_test_anomaly_008.JPG,2,0.6480520554617337,97,4,101,9,99.33,6.10,21,0.665677,0.687678,0.000000,0.000000
VisA,pipe_fryum,/root/private_data/iad-vlm-anomaly/datasets/VisA_anomalib_1cls/pipe_fryum/test/anomaly/pipe_fryum_test_anomaly_009.JPG,datasets/VisA_anomalib_1cls/pipe_fryum/test/anomaly/pipe_fryum_test_anomaly_009.JPG,1,0.6480520554617337,96,97,127,126,108.59,111.04,531,0.774013,1.000000,0.188324,0.316957
VisA,pipe_fryum,/root/private_data/iad-vlm-anomaly/datasets/VisA_anomalib_1cls/pipe_fryum/test/anomaly/pipe_fryum_test_anomaly_010.JPG,datasets/VisA_anomalib_1cls/pipe_fryum/test/anomaly/pipe_fryum_test_anomaly_010.JPG,1,0.6480520554617337,93,128,111,149,101.53,138.61,311,0.793084,1.000000,0.182390,0.308511
VisA,pipe_fryum,/root/private_data/iad-vlm-anomaly/datasets/VisA_anomalib_1cls/pipe_fryum/test/anomaly/pipe_fryum_test_anomaly_011.JPG,datasets/VisA_anomalib_1cls/pipe_fryum/test/anomaly/pipe_fryum_test_anomaly_011.JPG,1,0.6480520554617337,125,98,144,135,135.09,117.59,508,0.789474,1.000000,0.278049,0.435115
VisA,pipe_fryum,/root/private_data/iad-vlm-anomaly/datasets/VisA_anomalib_1cls/pipe_fryum/test/anomaly/pipe_fryum_test_anomaly_012.JPG,datasets/VisA_anomalib_1cls/pipe_fryum/test/anomaly/pipe_fryum_test_anomaly_012.JPG,1,0.6480520554617337,135,113,162,143,147.96,128.74,535,0.785663,1.000000,0.231776,0.376328
VisA,pipe_fryum,/root/private_data/iad-vlm-anomaly/datasets/VisA_anomalib_1cls/pipe_fryum/test/anomaly/pipe_fryum_test_anomaly_013.JPG,datasets/VisA_anomalib_1cls/pipe_fryum/test/anomaly/pipe_fryum_test_anomaly_013.JPG,1,0.6480520554617337,77,104,110,143,93.96,125.12,869,0.781666,1.000000,0.159587,0.275248
VisA,pipe_fryum,/root/private_data/iad-vlm-anomaly/datasets/VisA_anomalib_1cls/pipe_fryum/test/anomaly/pipe_fryum_test_anomaly_013.JPG,datasets/VisA_anomalib_1cls/pipe_fryum/test/anomaly/pipe_fryum_test_anomaly_013.JPG,2,0.6480520554617337,0,142,20,161,8.00,151.87,293,0.779788,0.921560,0.000000,0.000000
VisA,pipe_fryum,/root/private_data/iad-vlm-anomaly/datasets/VisA_anomalib_1cls/pipe_fryum/test/anomaly/pipe_fryum_test_anomaly_014.JPG,datasets/VisA_anomalib_1cls/pipe_fryum/test/anomaly/pipe_fryum_test_anomaly_014.JPG,1,0.6480520554617337,113,135,144,168,127.56,151.17,649,0.771441,1.000000,0.254237,0.405405
VisA,pipe_fryum,/root/private_data/iad-vlm-anomaly/datasets/VisA_anomalib_1cls/pipe_fryum/test/anomaly/pipe_fryum_test_anomaly_015.JPG,datasets/VisA_anomalib_1cls/pipe_fryum/test/anomaly/pipe_fryum_test_anomaly_015.JPG,1,0.6480520554617337,146,92,178,116,161.81,103.71,609,0.790901,1.000000,0.251185,0.401515
VisA,pipe_fryum,/root/private_data/iad-vlm-anomaly/datasets/VisA_anomalib_1cls/pipe_fryum/test/anomaly/pipe_fryum_test_anomaly_016.JPG,datasets/VisA_anomalib_1cls/pipe_fryum/test/anomaly/pipe_fryum_test_anomaly_016.JPG,1,0.6480520554617337,165,125,189,149,174.68,137.07,342,0.777359,1.000000,0.190058,0.319410
VisA,pipe_fryum,/root/private_data/iad-vlm-anomaly/datasets/VisA_anomalib_1cls/pipe_fryum/test/anomaly/pipe_fryum_test_anomaly_017.JPG,datasets/VisA_anomalib_1cls/pipe_fryum/test/anomaly/pipe_fryum_test_anomaly_017.JPG,1,0.6480520554617337,64,97,86,133,74.90,116.04,569,0.756632,1.000000,0.059754,0.112769
VisA,pipe_fryum,/root/private_data/iad-vlm-anomaly/datasets/VisA_anomalib_1cls/pipe_fryum/test/anomaly/pipe_fryum_test_anomaly_018.JPG,datasets/VisA_anomalib_1cls/pipe_fryum/test/anomaly/pipe_fryum_test_anomaly_018.JPG,1,0.6480520554617337,55,90,83,138,71.04,115.42,827,0.790537,1.000000,0.072551,0.135287
VisA,pipe_fryum,/root/private_data/iad-vlm-anomaly/datasets/VisA_anomalib_1cls/pipe_fryum/test/anomaly/pipe_fryum_test_anomaly_019.JPG,datasets/VisA_anomalib_1cls/pipe_fryum/test/anomaly/pipe_fryum_test_anomaly_019.JPG,1,0.6480520554617337,149,93,180,124,164.68,108.72,610,0.797083,1.000000,0.309192,0.472340
VisA,pipe_fryum,/root/private_data/iad-vlm-anomaly/datasets/VisA_anomalib_1cls/pipe_fryum/test/anomaly/pipe_fryum_test_anomaly_020.JPG,datasets/VisA_anomalib_1cls/pipe_fryum/test/anomaly/pipe_fryum_test_anomaly_020.JPG,1,0.6480520554617337,52,88,79,142,66.65,111.59,764,0.763873,1.000000,0.045812,0.087610
VisA,pipe_fryum,/root/private_data/iad-vlm-anomaly/datasets/VisA_anomalib_1cls/pipe_fryum/test/anomaly/pipe_fryum_test_anomaly_021.JPG,datasets/VisA_anomalib_1cls/pipe_fryum/test/anomaly/pipe_fryum_test_anomaly_021.JPG,1,0.6480520554617337,60,122,94,155,74.54,138.88,731,0.781881,1.000000,0.079343,0.147022
VisA,pipe_fryum,/root/private_data/iad-vlm-anomaly/datasets/VisA_anomalib_1cls/pipe_fryum/test/anomaly/pipe_fryum_test_anomaly_022.JPG,datasets/VisA_anomalib_1cls/pipe_fryum/test/anomaly/pipe_fryum_test_anomaly_022.JPG,1,0.6480520554617337,125,121,180,160,155.74,139.12,878,0.742159,1.000000,0.122449,0.218182
VisA,pipe_fryum,/root/private_data/iad-vlm-anomaly/datasets/VisA_anomalib_1cls/pipe_fryum/test/anomaly/pipe_fryum_test_anomaly_022.JPG,datasets/VisA_anomalib_1cls/pipe_fryum/test/anomaly/pipe_fryum_test_anomaly_022.JPG,2,0.6480520554617337,98,130,108,139,102.68,134.92,79,0.682895,0.723714,0.000000,0.000000
VisA,pipe_fryum,/root/private_data/iad-vlm-anomaly/datasets/VisA_anomalib_1cls/pipe_fryum/test/anomaly/pipe_fryum_test_anomaly_023.JPG,datasets/VisA_anomalib_1cls/pipe_fryum/test/anomaly/pipe_fryum_test_anomaly_023.JPG,1,0.6480520554617337,70,122,88,151,78.26,136.42,382,0.779697,1.000000,0.407658,0.579200
VisA,pipe_fryum,/root/private_data/iad-vlm-anomaly/datasets/VisA_anomalib_1cls/pipe_fryum/test/anomaly/pipe_fryum_test_anomaly_024.JPG,datasets/VisA_anomalib_1cls/pipe_fryum/test/anomaly/pipe_fryum_test_anomaly_024.JPG,1,0.6480520554617337,68,132,97,167,82.16,149.39,755,0.786556,1.000000,0.079470,0.147239
VisA,pipe_fryum,/root/private_data/iad-vlm-anomaly/datasets/VisA_anomalib_1cls/pipe_fryum/test/anomaly/pipe_fryum_test_anomaly_025.JPG,datasets/VisA_anomalib_1cls/pipe_fryum/test/anomaly/pipe_fryum_test_anomaly_025.JPG,1,0.6480520554617337,64,117,92,153,77.13,135.36,710,0.809335,1.000000,0.129577,0.229426
VisA,pipe_fryum,/root/private_data/iad-vlm-anomaly/datasets/VisA_anomalib_1cls/pipe_fryum/test/anomaly/pipe_fryum_test_anomaly_026.JPG,datasets/VisA_anomalib_1cls/pipe_fryum/test/anomaly/pipe_fryum_test_anomaly_026.JPG,1,0.6480520554617337,67,85,99,116,82.84,101.64,736,0.768103,1.000000,0.490590,0.658249
VisA,pipe_fryum,/root/private_data/iad-vlm-anomaly/datasets/VisA_anomalib_1cls/pipe_fryum/test/anomaly/pipe_fryum_test_anomaly_026.JPG,datasets/VisA_anomalib_1cls/pipe_fryum/test/anomaly/pipe_fryum_test_anomaly_026.JPG,2,0.6480520554617337,161,123,171,134,166.17,128.47,95,0.685779,0.726052,0.039924,0.076782
VisA,pipe_fryum,/root/private_data/iad-vlm-anomaly/datasets/VisA_anomalib_1cls/pipe_fryum/test/anomaly/pipe_fryum_test_anomaly_027.JPG,datasets/VisA_anomalib_1cls/pipe_fryum/test/anomaly/pipe_fryum_test_anomaly_027.JPG,1,0.6480520554617337,172,143,195,162,182.23,153.31,334,0.786277,1.000000,0.327485,0.493392
VisA,pipe_fryum,/root/private_data/iad-vlm-anomaly/datasets/VisA_anomalib_1cls/pipe_fryum/test/anomaly/pipe_fryum_test_anomaly_027.JPG,datasets/VisA_anomalib_1cls/pipe_fryum/test/anomaly/pipe_fryum_test_anomaly_027.JPG,2,0.6480520554617337,42,237,62,248,52.48,242.38,181,0.755215,0.864379,0.000000,0.000000
VisA,pipe_fryum,/root/private_data/iad-vlm-anomaly/datasets/VisA_anomalib_1cls/pipe_fryum/test/anomaly/pipe_fryum_test_anomaly_028.JPG,datasets/VisA_anomalib_1cls/pipe_fryum/test/anomaly/pipe_fryum_test_anomaly_028.JPG,1,0.6480520554617337,71,100,93,122,82.72,110.39,283,0.742742,0.861003,0.160804,0.277056
VisA,pipe_fryum,/root/private_data/iad-vlm-anomaly/datasets/VisA_anomalib_1cls/pipe_fryum/test/anomaly/pipe_fryum_test_anomaly_028.JPG,datasets/VisA_anomalib_1cls/pipe_fryum/test/anomaly/pipe_fryum_test_anomaly_028.JPG,2,0.6480520554617337,159,123,175,141,166.73,131.76,257,0.785579,1.000000,0.178378,0.302752
VisA,pipe_fryum,/root/private_data/iad-vlm-anomaly/datasets/VisA_anomalib_1cls/pipe_fryum/test/anomaly/pipe_fryum_test_anomaly_029.JPG,datasets/VisA_anomalib_1cls/pipe_fryum/test/anomaly/pipe_fryum_test_anomaly_029.JPG,1,0.6480520554617337,61,99,91,123,78.39,112.21,460,0.782292,1.000000,0.193760,0.324622
VisA,pipe_fryum,/root/private_data/iad-vlm-anomaly/datasets/VisA_anomalib_1cls/pipe_fryum/test/anomaly/pipe_fryum_test_anomaly_030.JPG,datasets/VisA_anomalib_1cls/pipe_fryum/test/anomaly/pipe_fryum_test_anomaly_030.JPG,1,0.6480520554617337,130,123,150,142,137.72,131.97,254,0.787510,1.000000,0.051181,0.097378
VisA,pipe_fryum,/root/private_data/iad-vlm-anomaly/datasets/VisA_anomalib_1cls/pipe_fryum/test/anomaly/pipe_fryum_test_anomaly_031.JPG,datasets/VisA_anomalib_1cls/pipe_fryum/test/anomaly/pipe_fryum_test_anomaly_031.JPG,1,0.6480520554617337,113,117,133,133,122.17,124.96,255,0.789887,1.000000,0.058594,0.110701
VisA,pipe_fryum,/root/private_data/iad-vlm-anomaly/datasets/VisA_anomalib_1cls/pipe_fryum/test/anomaly/pipe_fryum_test_anomaly_032.JPG,datasets/VisA_anomalib_1cls/pipe_fryum/test/anomaly/pipe_fryum_test_anomaly_032.JPG,1,0.6480520554617337,151,107,169,121,159.44,114.40,218,0.796750,1.000000,0.069264,0.129555
VisA,pipe_fryum,/root/private_data/iad-vlm-anomaly/datasets/VisA_anomalib_1cls/pipe_fryum/test/anomaly/pipe_fryum_test_anomaly_032.JPG,datasets/VisA_anomalib_1cls/pipe_fryum/test/anomaly/pipe_fryum_test_anomaly_032.JPG,2,0.6480520554617337,66,114,79,127,73.20,121.14,136,0.749549,0.875874,0.085526,0.157576
VisA,pipe_fryum,/root/private_data/iad-vlm-anomaly/datasets/VisA_anomalib_1cls/pipe_fryum/test/anomaly/pipe_fryum_test_anomaly_033.JPG,datasets/VisA_anomalib_1cls/pipe_fryum/test/anomaly/pipe_fryum_test_anomaly_033.JPG,1,0.6480520554617337,132,0,170,58,151.25,22.59,1258,0.771061,1.000000,0.000000,0.000000
VisA,pipe_fryum,/root/private_data/iad-vlm-anomaly/datasets/VisA_anomalib_1cls/pipe_fryum/test/anomaly/pipe_fryum_test_anomaly_033.JPG,datasets/VisA_anomalib_1cls/pipe_fryum/test/anomaly/pipe_fryum_test_anomaly_033.JPG,2,0.6480520554617337,174,4,199,26,186.88,15.20,308,0.732541,0.874371,0.000000,0.000000
VisA,pipe_fryum,/root/private_data/iad-vlm-anomaly/datasets/VisA_anomalib_1cls/pipe_fryum/test/anomaly/pipe_fryum_test_anomaly_033.JPG,datasets/VisA_anomalib_1cls/pipe_fryum/test/anomaly/pipe_fryum_test_anomaly_033.JPG,3,0.6480520554617337,88,216,96,226,91.25,220.44,73,0.734306,0.819697,0.000000,0.000000
VisA,pipe_fryum,/root/private_data/iad-vlm-anomaly/datasets/VisA_anomalib_1cls/pipe_fryum/test/anomaly/pipe_fryum_test_anomaly_034.JPG,datasets/VisA_anomalib_1cls/pipe_fryum/test/anomaly/pipe_fryum_test_anomaly_034.JPG,1,0.6480520554617337,153,101,174,118,163.69,109.70,278,0.786106,1.000000,0.046763,0.089347
VisA,pipe_fryum,/root/private_data/iad-vlm-anomaly/datasets/VisA_anomalib_1cls/pipe_fryum/test/anomaly/pipe_fryum_test_anomaly_035.JPG,datasets/VisA_anomalib_1cls/pipe_fryum/test/anomaly/pipe_fryum_test_anomaly_035.JPG,1,0.6480520554617337,151,107,189,150,171.33,126.18,888,0.728538,0.928285,0.010033,0.019868
VisA,pipe_fryum,/root/private_data/iad-vlm-anomaly/datasets/VisA_anomalib_1cls/pipe_fryum/test/anomaly/pipe_fryum_test_anomaly_035.JPG,datasets/VisA_anomalib_1cls/pipe_fryum/test/anomaly/pipe_fryum_test_anomaly_035.JPG,2,0.6480520554617337,138,150,154,160,145.63,155.04,155,0.798015,1.000000,0.054878,0.104046
VisA,pipe_fryum,/root/private_data/iad-vlm-anomaly/datasets/VisA_anomalib_1cls/pipe_fryum/test/anomaly/pipe_fryum_test_anomaly_035.JPG,datasets/VisA_anomalib_1cls/pipe_fryum/test/anomaly/pipe_fryum_test_anomaly_035.JPG,3,0.6480520554617337,144,130,157,142,150.28,136.88,116,0.678397,0.732164,0.000000,0.000000
VisA,pipe_fryum,/root/private_data/iad-vlm-anomaly/datasets/VisA_anomalib_1cls/pipe_fryum/test/anomaly/pipe_fryum_test_anomaly_036.JPG,datasets/VisA_anomalib_1cls/pipe_fryum/test/anomaly/pipe_fryum_test_anomaly_036.JPG,1,0.6480520554617337,101,151,117,165,108.64,157.64,190,0.799177,1.000000,0.044776,0.085714
VisA,pipe_fryum,/root/private_data/iad-vlm-anomaly/datasets/VisA_anomalib_1cls/pipe_fryum/test/anomaly/pipe_fryum_test_anomaly_036.JPG,datasets/VisA_anomalib_1cls/pipe_fryum/test/anomaly/pipe_fryum_test_anomaly_036.JPG,2,0.6480520554617337,148,122,162,134,154.70,127.75,146,0.745105,0.872885,0.070968,0.132530
VisA,pipe_fryum,/root/private_data/iad-vlm-anomaly/datasets/VisA_anomalib_1cls/pipe_fryum/test/anomaly/pipe_fryum_test_anomaly_037.JPG,datasets/VisA_anomalib_1cls/pipe_fryum/test/anomaly/pipe_fryum_test_anomaly_037.JPG,1,0.6480520554617337,114,99,131,116,121.63,107.23,239,0.786138,1.000000,0.050209,0.095618
VisA,pipe_fryum,/root/private_data/iad-vlm-anomaly/datasets/VisA_anomalib_1cls/pipe_fryum/test/anomaly/pipe_fryum_test_anomaly_038.JPG,datasets/VisA_anomalib_1cls/pipe_fryum/test/anomaly/pipe_fryum_test_anomaly_038.JPG,1,0.6480520554617337,167,147,178,162,172.32,154.64,148,0.795239,1.000000,0.115385,0.206897
VisA,pipe_fryum,/root/private_data/iad-vlm-anomaly/datasets/VisA_anomalib_1cls/pipe_fryum/test/anomaly/pipe_fryum_test_anomaly_038.JPG,datasets/VisA_anomalib_1cls/pipe_fryum/test/anomaly/pipe_fryum_test_anomaly_038.JPG,2,0.6480520554617337,241,18,255,31,248.12,24.62,146,0.741888,0.891224,0.000000,0.000000
VisA,pipe_fryum,/root/private_data/iad-vlm-anomaly/datasets/VisA_anomalib_1cls/pipe_fryum/test/anomaly/pipe_fryum_test_anomaly_038.JPG,datasets/VisA_anomalib_1cls/pipe_fryum/test/anomaly/pipe_fryum_test_anomaly_038.JPG,3,0.6480520554617337,81,123,90,133,85.12,128.27,74,0.740499,0.850138,0.086957,0.160000
VisA,pipe_fryum,/root/private_data/iad-vlm-anomaly/datasets/VisA_anomalib_1cls/pipe_fryum/test/anomaly/pipe_fryum_test_anomaly_039.JPG,datasets/VisA_anomalib_1cls/pipe_fryum/test/anomaly/pipe_fryum_test_anomaly_039.JPG,1,0.6480520554617337,84,113,98,126,91.17,119.55,167,0.786696,1.000000,0.059880,0.112994
VisA,pipe_fryum,/root/private_data/iad-vlm-anomaly/datasets/VisA_anomalib_1cls/pipe_fryum/test/anomaly/pipe_fryum_test_anomaly_040.JPG,datasets/VisA_anomalib_1cls/pipe_fryum/test/anomaly/pipe_fryum_test_anomaly_040.JPG,1,0.6480520554617337,89,90,143,147,116.39,120.23,1639,0.774173,1.000000,0.156098,0.270042
VisA,pipe_fryum,/root/private_data/iad-vlm-anomaly/datasets/VisA_anomalib_1cls/pipe_fryum/test/anomaly/pipe_fryum_test_anomaly_041.JPG,datasets/VisA_anomalib_1cls/pipe_fryum/test/anomaly/pipe_fryum_test_anomaly_041.JPG,1,0.6480520554617337,95,121,168,159,130.74,141.55,1288,0.762622,1.000000,0.277778,0.434783
VisA,pipe_fryum,/root/private_data/iad-vlm-anomaly/datasets/VisA_anomalib_1cls/pipe_fryum/test/anomaly/pipe_fryum_test_anomaly_042.JPG,datasets/VisA_anomalib_1cls/pipe_fryum/test/anomaly/pipe_fryum_test_anomaly_042.JPG,1,0.6480520554617337,90,94,139,141,116.11,115.53,1500,0.800689,1.000000,0.113697,0.204179
VisA,pipe_fryum,/root/private_data/iad-vlm-anomaly/datasets/VisA_anomalib_1cls/pipe_fryum/test/anomaly/pipe_fryum_test_anomaly_043.JPG,datasets/VisA_anomalib_1cls/pipe_fryum/test/anomaly/pipe_fryum_test_anomaly_043.JPG,1,0.6480520554617337,85,105,138,135,109.55,123.08,801,0.757881,1.000000,0.075682,0.140715
VisA,pipe_fryum,/root/private_data/iad-vlm-anomaly/datasets/VisA_anomalib_1cls/pipe_fryum/test/anomaly/pipe_fryum_test_anomaly_043.JPG,datasets/VisA_anomalib_1cls/pipe_fryum/test/anomaly/pipe_fryum_test_anomaly_043.JPG,2,0.6480520554617337,88,84,92,89,89.88,86.33,24,0.682481,0.731518,0.000000,0.000000
VisA,pipe_fryum,/root/private_data/iad-vlm-anomaly/datasets/VisA_anomalib_1cls/pipe_fryum/test/anomaly/pipe_fryum_test_anomaly_044.JPG,datasets/VisA_anomalib_1cls/pipe_fryum/test/anomaly/pipe_fryum_test_anomaly_044.JPG,1,0.6480520554617337,99,115,170,153,133.32,135.22,1677,0.782420,1.000000,0.151444,0.263050
VisA,pipe_fryum,/root/private_data/iad-vlm-anomaly/datasets/VisA_anomalib_1cls/pipe_fryum/test/anomaly/pipe_fryum_test_anomaly_045.JPG,datasets/VisA_anomalib_1cls/pipe_fryum/test/anomaly/pipe_fryum_test_anomaly_045.JPG,1,0.6480520554617337,115,113,163,147,141.84,128.60,972,0.740377,1.000000,0.380293,0.551032
VisA,pipe_fryum,/root/private_data/iad-vlm-anomaly/datasets/VisA_anomalib_1cls/pipe_fryum/test/anomaly/pipe_fryum_test_anomaly_045.JPG,datasets/VisA_anomalib_1cls/pipe_fryum/test/anomaly/pipe_fryum_test_anomaly_045.JPG,2,0.6480520554617337,105,123,111,129,107.98,125.95,42,0.671457,0.702583,0.018642,0.036601
VisA,pipe_fryum,/root/private_data/iad-vlm-anomaly/datasets/VisA_anomalib_1cls/pipe_fryum/test/anomaly/pipe_fryum_test_anomaly_045.JPG,datasets/VisA_anomalib_1cls/pipe_fryum/test/anomaly/pipe_fryum_test_anomaly_045.JPG,3,0.6480520554617337,112,130,118,136,114.78,133.08,37,0.665553,0.690379,0.003963,0.007895
VisA,pipe_fryum,/root/private_data/iad-vlm-anomaly/datasets/VisA_anomalib_1cls/pipe_fryum/test/anomaly/pipe_fryum_test_anomaly_046.JPG,datasets/VisA_anomalib_1cls/pipe_fryum/test/anomaly/pipe_fryum_test_anomaly_046.JPG,1,0.6480520554617337,83,96,130,156,107.15,128.20,1686,0.772387,1.000000,0.183481,0.310070
VisA,pipe_fryum,/root/private_data/iad-vlm-anomaly/datasets/VisA_anomalib_1cls/pipe_fryum/test/anomaly/pipe_fryum_test_anomaly_047.JPG,datasets/VisA_anomalib_1cls/pipe_fryum/test/anomaly/pipe_fryum_test_anomaly_047.JPG,1,0.6480520554617337,102,96,145,135,126.19,115.64,1175,0.782946,1.000000,0.145121,0.253460
VisA,pipe_fryum,/root/private_data/iad-vlm-anomaly/datasets/VisA_anomalib_1cls/pipe_fryum/test/anomaly/pipe_fryum_test_anomaly_048.JPG,datasets/VisA_anomalib_1cls/pipe_fryum/test/anomaly/pipe_fryum_test_anomaly_048.JPG,1,0.6480520554617337,118,108,161,156,136.93,131.59,1291,0.744998,1.000000,0.105628,0.191074
VisA,pipe_fryum,/root/private_data/iad-vlm-anomaly/datasets/VisA_anomalib_1cls/pipe_fryum/test/anomaly/pipe_fryum_test_anomaly_048.JPG,datasets/VisA_anomalib_1cls/pipe_fryum/test/anomaly/pipe_fryum_test_anomaly_048.JPG,2,0.6480520554617337,161,117,184,139,173.57,130.34,297,0.692374,0.790931,0.000000,0.000000
VisA,pipe_fryum,/root/private_data/iad-vlm-anomaly/datasets/VisA_anomalib_1cls/pipe_fryum/test/anomaly/pipe_fryum_test_anomaly_048.JPG,datasets/VisA_anomalib_1cls/pipe_fryum/test/anomaly/pipe_fryum_test_anomaly_048.JPG,3,0.6480520554617337,90,70,106,84,97.06,76.57,154,0.695550,0.776500,0.000000,0.000000
VisA,pipe_fryum,/root/private_data/iad-vlm-anomaly/datasets/VisA_anomalib_1cls/pipe_fryum/test/anomaly/pipe_fryum_test_anomaly_049.JPG,datasets/VisA_anomalib_1cls/pipe_fryum/test/anomaly/pipe_fryum_test_anomaly_049.JPG,1,0.6480520554617337,87,107,157,157,117.03,136.22,2025,0.777201,1.000000,0.142154,0.248923
VisA,pipe_fryum,/root/private_data/iad-vlm-anomaly/datasets/VisA_anomalib_1cls/pipe_fryum/test/anomaly/pipe_fryum_test_anomaly_050.JPG,datasets/VisA_anomalib_1cls/pipe_fryum/test/anomaly/pipe_fryum_test_anomaly_050.JPG,1,0.6480520554617337,86,131,104,148,95.52,139.87,217,0.783061,1.000000,0.142857,0.250000
VisA,pipe_fryum,/root/private_data/iad-vlm-anomaly/datasets/VisA_anomalib_1cls/pipe_fryum/test/anomaly/pipe_fryum_test_anomaly_050.JPG,datasets/VisA_anomalib_1cls/pipe_fryum/test/anomaly/pipe_fryum_test_anomaly_050.JPG,2,0.6480520554617337,37,8,46,17,41.34,12.04,73,0.748033,0.872429,0.000000,0.000000
VisA,pipe_fryum,/root/private_data/iad-vlm-anomaly/datasets/VisA_anomalib_1cls/pipe_fryum/test/anomaly/pipe_fryum_test_anomaly_050.JPG,datasets/VisA_anomalib_1cls/pipe_fryum/test/anomaly/pipe_fryum_test_anomaly_050.JPG,3,0.6480520554617337,230,34,237,42,233.55,37.71,58,0.689790,0.742739,0.000000,0.000000
VisA,pipe_fryum,/root/private_data/iad-vlm-anomaly/datasets/VisA_anomalib_1cls/pipe_fryum/test/anomaly/pipe_fryum_test_anomaly_051.JPG,datasets/VisA_anomalib_1cls/pipe_fryum/test/anomaly/pipe_fryum_test_anomaly_051.JPG,1,0.6480520554617337,139,141,155,160,147.01,150.09,234,0.791346,1.000000,0.106838,0.193050
VisA,pipe_fryum,/root/private_data/iad-vlm-anomaly/datasets/VisA_anomalib_1cls/pipe_fryum/test/anomaly/pipe_fryum_test_anomaly_051.JPG,datasets/VisA_anomalib_1cls/pipe_fryum/test/anomaly/pipe_fryum_test_anomaly_051.JPG,2,0.6480520554617337,121,128,134,132,127.47,130.32,53,0.701976,0.762268,0.000000,0.000000
VisA,pipe_fryum,/root/private_data/iad-vlm-anomaly/datasets/VisA_anomalib_1cls/pipe_fryum/test/anomaly/pipe_fryum_test_anomaly_051.JPG,datasets/VisA_anomalib_1cls/pipe_fryum/test/anomaly/pipe_fryum_test_anomaly_051.JPG,3,0.6480520554617337,138,160,147,166,141.96,163.77,47,0.698307,0.775481,0.000000,0.000000
VisA,pipe_fryum,/root/private_data/iad-vlm-anomaly/datasets/VisA_anomalib_1cls/pipe_fryum/test/anomaly/pipe_fryum_test_anomaly_052.JPG,datasets/VisA_anomalib_1cls/pipe_fryum/test/anomaly/pipe_fryum_test_anomaly_052.JPG,1,0.6480520554617337,120,121,141,143,131.46,132.09,331,0.790563,1.000000,0.099698,0.181319
VisA,pipe_fryum,/root/private_data/iad-vlm-anomaly/datasets/VisA_anomalib_1cls/pipe_fryum/test/anomaly/pipe_fryum_test_anomaly_052.JPG,datasets/VisA_anomalib_1cls/pipe_fryum/test/anomaly/pipe_fryum_test_anomaly_052.JPG,2,0.6480520554617337,209,201,214,207,211.32,204.05,37,0.701730,0.752084,0.000000,0.000000
VisA,pipe_fryum,/root/private_data/iad-vlm-anomaly/datasets/VisA_anomalib_1cls/pipe_fryum/test/anomaly/pipe_fryum_test_anomaly_052.JPG,datasets/VisA_anomalib_1cls/pipe_fryum/test/anomaly/pipe_fryum_test_anomaly_052.JPG,3,0.6480520554617337,90,98,95,102,92.42,100.29,24,0.723178,0.810527,0.000000,0.000000
VisA,pipe_fryum,/root/private_data/iad-vlm-anomaly/datasets/VisA_anomalib_1cls/pipe_fryum/test/anomaly/pipe_fryum_test_anomaly_053.JPG,datasets/VisA_anomalib_1cls/pipe_fryum/test/anomaly/pipe_fryum_test_anomaly_053.JPG,1,0.6480520554617337,160,149,174,167,167.87,156.83,173,0.793214,1.000000,0.173410,0.295567
VisA,pipe_fryum,/root/private_data/iad-vlm-anomaly/datasets/VisA_anomalib_1cls/pipe_fryum/test/anomaly/pipe_fryum_test_anomaly_053.JPG,datasets/VisA_anomalib_1cls/pipe_fryum/test/anomaly/pipe_fryum_test_anomaly_053.JPG,2,0.6480520554617337,165,15,176,26,170.19,20.60,95,0.700017,0.757619,0.000000,0.000000
VisA,pipe_fryum,/root/private_data/iad-vlm-anomaly/datasets/VisA_anomalib_1cls/pipe_fryum/test/anomaly/pipe_fryum_test_anomaly_054.JPG,datasets/VisA_anomalib_1cls/pipe_fryum/test/anomaly/pipe_fryum_test_anomaly_054.JPG,1,0.6480520554617337,103,140,121,156,112.36,148.61,195,0.775820,1.000000,0.164103,0.281938
VisA,pipe_fryum,/root/private_data/iad-vlm-anomaly/datasets/VisA_anomalib_1cls/pipe_fryum/test/anomaly/pipe_fryum_test_anomaly_054.JPG,datasets/VisA_anomalib_1cls/pipe_fryum/test/anomaly/pipe_fryum_test_anomaly_054.JPG,2,0.6480520554617337,218,146,238,156,229.65,150.02,127,0.732208,0.857059,0.000000,0.000000
VisA,pipe_fryum,/root/private_data/iad-vlm-anomaly/datasets/VisA_anomalib_1cls/pipe_fryum/test/anomaly/pipe_fryum_test_anomaly_054.JPG,datasets/VisA_anomalib_1cls/pipe_fryum/test/anomaly/pipe_fryum_test_anomaly_054.JPG,3,0.6480520554617337,59,130,69,133,64.63,131.30,27,0.678062,0.721074,0.000000,0.000000
VisA,pipe_fryum,/root/private_data/iad-vlm-anomaly/datasets/VisA_anomalib_1cls/pipe_fryum/test/anomaly/pipe_fryum_test_anomaly_055.JPG,datasets/VisA_anomalib_1cls/pipe_fryum/test/anomaly/pipe_fryum_test_anomaly_055.JPG,1,0.6480520554617337,162,125,176,140,169.24,133.07,173,0.813370,1.000000,0.161850,0.278607
VisA,pipe_fryum,/root/private_data/iad-vlm-anomaly/datasets/VisA_anomalib_1cls/pipe_fryum/test/anomaly/pipe_fryum_test_anomaly_056.JPG,datasets/VisA_anomalib_1cls/pipe_fryum/test/anomaly/pipe_fryum_test_anomaly_056.JPG,1,0.6480520554617337,152,137,186,176,168.58,160.08,693,0.775065,0.965784,0.000000,0.000000
VisA,pipe_fryum,/root/private_data/iad-vlm-anomaly/datasets/VisA_anomalib_1cls/pipe_fryum/test/anomaly/pipe_fryum_test_anomaly_056.JPG,datasets/VisA_anomalib_1cls/pipe_fryum/test/anomaly/pipe_fryum_test_anomaly_056.JPG,2,0.6480520554617337,91,148,124,159,105.66,153.31,248,0.710708,0.853143,0.000000,0.000000
VisA,pipe_fryum,/root/private_data/iad-vlm-anomaly/datasets/VisA_anomalib_1cls/pipe_fryum/test/anomaly/pipe_fryum_test_anomaly_056.JPG,datasets/VisA_anomalib_1cls/pipe_fryum/test/anomaly/pipe_fryum_test_anomaly_056.JPG,3,0.6480520554617337,67,145,81,167,73.48,155.90,224,0.773193,0.968754,0.174107,0.296578
VisA,pipe_fryum,/root/private_data/iad-vlm-anomaly/datasets/VisA_anomalib_1cls/pipe_fryum/test/anomaly/pipe_fryum_test_anomaly_057.JPG,datasets/VisA_anomalib_1cls/pipe_fryum/test/anomaly/pipe_fryum_test_anomaly_057.JPG,1,0.6480520554617337,147,111,170,125,158.83,118.63,270,0.778791,1.000000,0.111111,0.200000
VisA,pipe_fryum,/root/private_data/iad-vlm-anomaly/datasets/VisA_anomalib_1cls/pipe_fryum/test/anomaly/pipe_fryum_test_anomaly_058.JPG,datasets/VisA_anomalib_1cls/pipe_fryum/test/anomaly/pipe_fryum_test_anomaly_058.JPG,1,0.6480520554617337,130,138,154,167,142.51,151.04,432,0.751229,1.000000,0.062500,0.117647
VisA,pipe_fryum,/root/private_data/iad-vlm-anomaly/datasets/VisA_anomalib_1cls/pipe_fryum/test/anomaly/pipe_fryum_test_anomaly_058.JPG,datasets/VisA_anomalib_1cls/pipe_fryum/test/anomaly/pipe_fryum_test_anomaly_058.JPG,2,0.6480520554617337,95,178,109,194,102.12,185.75,181,0.768315,0.901941,0.000000,0.000000
VisA,pipe_fryum,/root/private_data/iad-vlm-anomaly/datasets/VisA_anomalib_1cls/pipe_fryum/test/anomaly/pipe_fryum_test_anomaly_058.JPG,datasets/VisA_anomalib_1cls/pipe_fryum/test/anomaly/pipe_fryum_test_anomaly_058.JPG,3,0.6480520554617337,158,150,174,166,166.31,157.80,181,0.706405,0.810455,0.000000,0.000000
VisA,pipe_fryum,/root/private_data/iad-vlm-anomaly/datasets/VisA_anomalib_1cls/pipe_fryum/test/anomaly/pipe_fryum_test_anomaly_059.JPG,datasets/VisA_anomalib_1cls/pipe_fryum/test/anomaly/pipe_fryum_test_anomaly_059.JPG,1,0.6480520554617337,73,140,93,161,82.58,150.39,353,0.775295,1.000000,0.087819,0.161458
VisA,pipe_fryum,/root/private_data/iad-vlm-anomaly/datasets/VisA_anomalib_1cls/pipe_fryum/test/anomaly/pipe_fryum_test_anomaly_059.JPG,datasets/VisA_anomalib_1cls/pipe_fryum/test/anomaly/pipe_fryum_test_anomaly_059.JPG,2,0.6480520554617337,66,98,75,113,69.98,105.23,121,0.729700,0.828219,0.000000,0.000000
VisA,pipe_fryum,/root/private_data/iad-vlm-anomaly/datasets/VisA_anomalib_1cls/pipe_fryum/test/anomaly/pipe_fryum_test_anomaly_060.JPG,datasets/VisA_anomalib_1cls/pipe_fryum/test/anomaly/pipe_fryum_test_anomaly_060.JPG,1,0.6480520554617337,96,122,120,143,107.85,133.24,381,0.786553,1.000000,0.102362,0.185714
VisA,pipe_fryum,/root/private_data/iad-vlm-anomaly/datasets/VisA_anomalib_1cls/pipe_fryum/test/anomaly/pipe_fryum_test_anomaly_061.JPG,datasets/VisA_anomalib_1cls/pipe_fryum/test/anomaly/pipe_fryum_test_anomaly_061.JPG,1,0.6480520554617337,119,125,137,143,127.80,133.80,276,0.796522,1.000000,0.090580,0.166113
VisA,pipe_fryum,/root/private_data/iad-vlm-anomaly/datasets/VisA_anomalib_1cls/pipe_fryum/test/anomaly/pipe_fryum_test_anomaly_062.JPG,datasets/VisA_anomalib_1cls/pipe_fryum/test/anomaly/pipe_fryum_test_anomaly_062.JPG,1,0.6480520554617337,151,104,178,166,165.00,137.53,705,0.719944,0.911655,0.000000,0.000000
VisA,pipe_fryum,/root/private_data/iad-vlm-anomaly/datasets/VisA_anomalib_1cls/pipe_fryum/test/anomaly/pipe_fryum_test_anomaly_062.JPG,datasets/VisA_anomalib_1cls/pipe_fryum/test/anomaly/pipe_fryum_test_anomaly_062.JPG,2,0.6480520554617337,85,132,115,155,101.22,145.71,387,0.758128,1.000000,0.062016,0.116788
VisA,pipe_fryum,/root/private_data/iad-vlm-anomaly/datasets/VisA_anomalib_1cls/pipe_fryum/test/anomaly/pipe_fryum_test_anomaly_062.JPG,datasets/VisA_anomalib_1cls/pipe_fryum/test/anomaly/pipe_fryum_test_anomaly_062.JPG,3,0.6480520554617337,139,163,150,171,144.17,166.71,58,0.690255,0.745665,0.000000,0.000000
VisA,pipe_fryum,/root/private_data/iad-vlm-anomaly/datasets/VisA_anomalib_1cls/pipe_fryum/test/anomaly/pipe_fryum_test_anomaly_063.JPG,datasets/VisA_anomalib_1cls/pipe_fryum/test/anomaly/pipe_fryum_test_anomaly_063.JPG,1,0.6480520554617337,233,31,255,56,246.15,42.50,371,0.721862,0.839204,0.000000,0.000000
VisA,pipe_fryum,/root/private_data/iad-vlm-anomaly/datasets/VisA_anomalib_1cls/pipe_fryum/test/anomaly/pipe_fryum_test_anomaly_063.JPG,datasets/VisA_anomalib_1cls/pipe_fryum/test/anomaly/pipe_fryum_test_anomaly_063.JPG,2,0.6480520554617337,179,175,197,187,188.22,181.76,180,0.785463,1.000000,0.000000,0.000000
VisA,pipe_fryum,/root/private_data/iad-vlm-anomaly/datasets/VisA_anomalib_1cls/pipe_fryum/test/anomaly/pipe_fryum_test_anomaly_063.JPG,datasets/VisA_anomalib_1cls/pipe_fryum/test/anomaly/pipe_fryum_test_anomaly_063.JPG,3,0.6480520554617337,64,97,85,113,75.69,103.79,178,0.719922,0.852660,0.076503,0.142132
VisA,pipe_fryum,/root/private_data/iad-vlm-anomaly/datasets/VisA_anomalib_1cls/pipe_fryum/test/anomaly/pipe_fryum_test_anomaly_064.JPG,datasets/VisA_anomalib_1cls/pipe_fryum/test/anomaly/pipe_fryum_test_anomaly_064.JPG,1,0.6480520554617337,144,97,160,126,152.81,112.88,293,0.803573,1.000000,0.098976,0.180124
VisA,pipe_fryum,/root/private_data/iad-vlm-anomaly/datasets/VisA_anomalib_1cls/pipe_fryum/test/anomaly/pipe_fryum_test_anomaly_064.JPG,datasets/VisA_anomalib_1cls/pipe_fryum/test/anomaly/pipe_fryum_test_anomaly_064.JPG,2,0.6480520554617337,155,167,173,173,163.96,170.33,76,0.701995,0.783476,0.000000,0.000000
VisA,pipe_fryum,/root/private_data/iad-vlm-anomaly/datasets/VisA_anomalib_1cls/pipe_fryum/test/anomaly/pipe_fryum_test_anomaly_065.JPG,datasets/VisA_anomalib_1cls/pipe_fryum/test/anomaly/pipe_fryum_test_anomaly_065.JPG,1,0.6480520554617337,74,126,94,143,83.86,134.16,280,0.776940,1.000000,0.128571,0.227848
VisA,pipe_fryum,/root/private_data/iad-vlm-anomaly/datasets/VisA_anomalib_1cls/pipe_fryum/test/anomaly/pipe_fryum_test_anomaly_066.JPG,datasets/VisA_anomalib_1cls/pipe_fryum/test/anomaly/pipe_fryum_test_anomaly_066.JPG,1,0.6480520554617337,142,118,159,152,150.37,134.35,410,0.790123,1.000000,0.097561,0.177778
VisA,pipe_fryum,/root/private_data/iad-vlm-anomaly/datasets/VisA_anomalib_1cls/pipe_fryum/test/anomaly/pipe_fryum_test_anomaly_067.JPG,datasets/VisA_anomalib_1cls/pipe_fryum/test/anomaly/pipe_fryum_test_anomaly_067.JPG,1,0.6480520554617337,133,107,157,142,145.32,124.75,602,0.771038,1.000000,0.041935,0.080495
VisA,pipe_fryum,/root/private_data/iad-vlm-anomaly/datasets/VisA_anomalib_1cls/pipe_fryum/test/anomaly/pipe_fryum_test_anomaly_068.JPG,datasets/VisA_anomalib_1cls/pipe_fryum/test/anomaly/pipe_fryum_test_anomaly_068.JPG,1,0.6480520554617337,129,96,156,126,140.54,109.66,523,0.766632,1.000000,0.057361,0.108499
VisA,pipe_fryum,/root/private_data/iad-vlm-anomaly/datasets/VisA_anomalib_1cls/pipe_fryum/test/anomaly/pipe_fryum_test_anomaly_068.JPG,datasets/VisA_anomalib_1cls/pipe_fryum/test/anomaly/pipe_fryum_test_anomaly_068.JPG,2,0.6480520554617337,108,138,141,157,122.55,148.77,344,0.717910,0.876309,0.000000,0.000000
VisA,pipe_fryum,/root/private_data/iad-vlm-anomaly/datasets/VisA_anomalib_1cls/pipe_fryum/test/anomaly/pipe_fryum_test_anomaly_069.JPG,datasets/VisA_anomalib_1cls/pipe_fryum/test/anomaly/pipe_fryum_test_anomaly_069.JPG,1,0.6480520554617337,16,114,47,143,32.55,127.35,690,0.810271,0.957711,0.000000,0.000000
VisA,pipe_fryum,/root/private_data/iad-vlm-anomaly/datasets/VisA_anomalib_1cls/pipe_fryum/test/anomaly/pipe_fryum_test_anomaly_069.JPG,datasets/VisA_anomalib_1cls/pipe_fryum/test/anomaly/pipe_fryum_test_anomaly_069.JPG,2,0.6480520554617337,125,142,145,163,135.39,152.61,358,0.797550,1.000000,0.083799,0.154639
VisA,pipe_fryum,/root/private_data/iad-vlm-anomaly/datasets/VisA_anomalib_1cls/pipe_fryum/test/anomaly/pipe_fryum_test_anomaly_069.JPG,datasets/VisA_anomalib_1cls/pipe_fryum/test/anomaly/pipe_fryum_test_anomaly_069.JPG,3,0.6480520554617337,77,114,95,141,85.48,127.12,290,0.703388,0.809525,0.000000,0.000000
VisA,pipe_fryum,/root/private_data/iad-vlm-anomaly/datasets/VisA_anomalib_1cls/pipe_fryum/test/anomaly/pipe_fryum_test_anomaly_070.JPG,datasets/VisA_anomalib_1cls/pipe_fryum/test/anomaly/pipe_fryum_test_anomaly_070.JPG,1,0.6480520554617337,82,95,138,122,111.88,108.10,918,0.769595,1.000000,0.086957,0.160000
VisA,pipe_fryum,/root/private_data/iad-vlm-anomaly/datasets/VisA_anomalib_1cls/pipe_fryum/test/anomaly/pipe_fryum_test_anomaly_070.JPG,datasets/VisA_anomalib_1cls/pipe_fryum/test/anomaly/pipe_fryum_test_anomaly_070.JPG,2,0.6480520554617337,123,84,139,90,131.30,87.18,92,0.680135,0.726088,0.000000,0.000000
VisA,pipe_fryum,/root/private_data/iad-vlm-anomaly/datasets/VisA_anomalib_1cls/pipe_fryum/test/anomaly/pipe_fryum_test_anomaly_070.JPG,datasets/VisA_anomalib_1cls/pipe_fryum/test/anomaly/pipe_fryum_test_anomaly_070.JPG,3,0.6480520554617337,166,98,175,114,170.57,106.92,89,0.697373,0.771999,0.000000,0.000000
VisA,pipe_fryum,/root/private_data/iad-vlm-anomaly/datasets/VisA_anomalib_1cls/pipe_fryum/test/anomaly/pipe_fryum_test_anomaly_071.JPG,datasets/VisA_anomalib_1cls/pipe_fryum/test/anomaly/pipe_fryum_test_anomaly_071.JPG,1,0.6480520554617337,110,84,163,125,135.74,103.29,859,0.758618,1.000000,0.161353,0.277870
VisA,pipe_fryum,/root/private_data/iad-vlm-anomaly/datasets/VisA_anomalib_1cls/pipe_fryum/test/anomaly/pipe_fryum_test_anomaly_072.JPG,datasets/VisA_anomalib_1cls/pipe_fryum/test/anomaly/pipe_fryum_test_anomaly_072.JPG,1,0.6480520554617337,80,134,111,154,97.00,143.17,396,0.780240,1.000000,0.317460,0.481928
VisA,pipe_fryum,/root/private_data/iad-vlm-anomaly/datasets/VisA_anomalib_1cls/pipe_fryum/test/anomaly/pipe_fryum_test_anomaly_072.JPG,datasets/VisA_anomalib_1cls/pipe_fryum/test/anomaly/pipe_fryum_test_anomaly_072.JPG,2,0.6480520554617337,90,94,123,100,106.86,97.12,177,0.782481,0.972223,0.000000,0.000000
VisA,pipe_fryum,/root/private_data/iad-vlm-anomaly/datasets/VisA_anomalib_1cls/pipe_fryum/test/anomaly/pipe_fryum_test_anomaly_072.JPG,datasets/VisA_anomalib_1cls/pipe_fryum/test/anomaly/pipe_fryum_test_anomaly_072.JPG,3,0.6480520554617337,148,112,158,126,153.06,119.47,121,0.700195,0.798562,0.000000,0.000000
VisA,pipe_fryum,/root/private_data/iad-vlm-anomaly/datasets/VisA_anomalib_1cls/pipe_fryum/test/anomaly/pipe_fryum_test_anomaly_073.JPG,datasets/VisA_anomalib_1cls/pipe_fryum/test/anomaly/pipe_fryum_test_anomaly_073.JPG,1,0.6480520554617337,149,95,170,112,159.91,104.16,209,0.740139,1.000000,0.284091,0.442478
VisA,pipe_fryum,/root/private_data/iad-vlm-anomaly/datasets/VisA_anomalib_1cls/pipe_fryum/test/anomaly/pipe_fryum_test_anomaly_073.JPG,datasets/VisA_anomalib_1cls/pipe_fryum/test/anomaly/pipe_fryum_test_anomaly_073.JPG,2,0.6480520554617337,161,162,174,168,167.35,165.25,63,0.694585,0.743290,0.000000,0.000000
VisA,pipe_fryum,/root/private_data/iad-vlm-anomaly/datasets/VisA_anomalib_1cls/pipe_fryum/test/anomaly/pipe_fryum_test_anomaly_073.JPG,datasets/VisA_anomalib_1cls/pipe_fryum/test/anomaly/pipe_fryum_test_anomaly_073.JPG,3,0.6480520554617337,201,187,207,198,204.63,192.48,62,0.716776,0.797590,0.000000,0.000000
VisA,pipe_fryum,/root/private_data/iad-vlm-anomaly/datasets/VisA_anomalib_1cls/pipe_fryum/test/anomaly/pipe_fryum_test_anomaly_074.JPG,datasets/VisA_anomalib_1cls/pipe_fryum/test/anomaly/pipe_fryum_test_anomaly_074.JPG,1,0.6480520554617337,151,107,175,130,164.34,120.00,386,0.779051,1.000000,0.191489,0.321429
VisA,pipe_fryum,/root/private_data/iad-vlm-anomaly/datasets/VisA_anomalib_1cls/pipe_fryum/test/anomaly/pipe_fryum_test_anomaly_075.JPG,datasets/VisA_anomalib_1cls/pipe_fryum/test/anomaly/pipe_fryum_test_anomaly_075.JPG,1,0.6480520554617337,87,101,112,123,99.99,112.01,407,0.813207,1.000000,0.125000,0.222222
VisA,pipe_fryum,/root/private_data/iad-vlm-anomaly/datasets/VisA_anomalib_1cls/pipe_fryum/test/anomaly/pipe_fryum_test_anomaly_075.JPG,datasets/VisA_anomalib_1cls/pipe_fryum/test/anomaly/pipe_fryum_test_anomaly_075.JPG,2,0.6480520554617337,72,152,79,164,74.71,157.79,73,0.704427,0.781498,0.000000,0.000000
VisA,pipe_fryum,/root/private_data/iad-vlm-anomaly/datasets/VisA_anomalib_1cls/pipe_fryum/test/anomaly/pipe_fryum_test_anomaly_075.JPG,datasets/VisA_anomalib_1cls/pipe_fryum/test/anomaly/pipe_fryum_test_anomaly_075.JPG,3,0.6480520554617337,111,89,118,95,114.53,92.26,43,0.713383,0.815206,0.044776,0.085714
VisA,pipe_fryum,/root/private_data/iad-vlm-anomaly/datasets/VisA_anomalib_1cls/pipe_fryum/test/anomaly/pipe_fryum_test_anomaly_076.JPG,datasets/VisA_anomalib_1cls/pipe_fryum/test/anomaly/pipe_fryum_test_anomaly_076.JPG,1,0.6480520554617337,80,109,115,136,96.12,121.04,553,0.804676,1.000000,0.196774,0.328841
VisA,pipe_fryum,/root/private_data/iad-vlm-anomaly/datasets/VisA_anomalib_1cls/pipe_fryum/test/anomaly/pipe_fryum_test_anomaly_076.JPG,datasets/VisA_anomalib_1cls/pipe_fryum/test/anomaly/pipe_fryum_test_anomaly_076.JPG,2,0.6480520554617337,88,32,97,40,92.06,36.16,63,0.739724,0.886788,0.000000,0.000000
VisA,pipe_fryum,/root/private_data/iad-vlm-anomaly/datasets/VisA_anomalib_1cls/pipe_fryum/test/anomaly/pipe_fryum_test_anomaly_076.JPG,datasets/VisA_anomalib_1cls/pipe_fryum/test/anomaly/pipe_fryum_test_anomaly_076.JPG,3,0.6480520554617337,153,58,162,64,157.61,60.85,41,0.674748,0.715805,0.000000,0.000000
VisA,pipe_fryum,/root/private_data/iad-vlm-anomaly/datasets/VisA_anomalib_1cls/pipe_fryum/test/anomaly/pipe_fryum_test_anomaly_077.JPG,datasets/VisA_anomalib_1cls/pipe_fryum/test/anomaly/pipe_fryum_test_anomaly_077.JPG,1,0.6480520554617337,114,111,149,150,132.97,129.00,722,0.780544,1.000000,0.085517,0.157560
VisA,pipe_fryum,/root/private_data/iad-vlm-anomaly/datasets/VisA_anomalib_1cls/pipe_fryum/test/anomaly/pipe_fryum_test_anomaly_078.JPG,datasets/VisA_anomalib_1cls/pipe_fryum/test/anomaly/pipe_fryum_test_anomaly_078.JPG,1,0.6480520554617337,101,114,145,148,121.50,130.15,725,0.779942,1.000000,0.148760,0.258993
VisA,pipe_fryum,/root/private_data/iad-vlm-anomaly/datasets/VisA_anomalib_1cls/pipe_fryum/test/anomaly/pipe_fryum_test_anomaly_078.JPG,datasets/VisA_anomalib_1cls/pipe_fryum/test/anomaly/pipe_fryum_test_anomaly_078.JPG,2,0.6480520554617337,57,83,79,97,68.73,91.28,174,0.737173,0.923728,0.000000,0.000000
VisA,pipe_fryum,/root/private_data/iad-vlm-anomaly/datasets/VisA_anomalib_1cls/pipe_fryum/test/anomaly/pipe_fryum_test_anomaly_078.JPG,datasets/VisA_anomalib_1cls/pipe_fryum/test/anomaly/pipe_fryum_test_anomaly_078.JPG,3,0.6480520554617337,75,147,79,151,76.62,149.00,21,0.687134,0.734455,0.022814,0.044610
VisA,pipe_fryum,/root/private_data/iad-vlm-anomaly/datasets/VisA_anomalib_1cls/pipe_fryum/test/anomaly/pipe_fryum_test_anomaly_079.JPG,datasets/VisA_anomalib_1cls/pipe_fryum/test/anomaly/pipe_fryum_test_anomaly_079.JPG,1,0.6480520554617337,124,94,156,124,140.29,107.25,604,0.782108,1.000000,0.336493,0.503546
VisA,pipe_fryum,/root/private_data/iad-vlm-anomaly/datasets/VisA_anomalib_1cls/pipe_fryum/test/anomaly/pipe_fryum_test_anomaly_080.JPG,datasets/VisA_anomalib_1cls/pipe_fryum/test/anomaly/pipe_fryum_test_anomaly_080.JPG,1,0.6480520554617337,114,138,140,158,126.91,147.80,381,0.797238,1.000000,0.113861,0.204444
VisA,pipe_fryum,/root/private_data/iad-vlm-anomaly/datasets/VisA_anomalib_1cls/pipe_fryum/test/anomaly/pipe_fryum_test_anomaly_081.JPG,datasets/VisA_anomalib_1cls/pipe_fryum/test/anomaly/pipe_fryum_test_anomaly_081.JPG,1,0.6480520554617337,95,125,123,144,108.95,135.44,385,0.779652,1.000000,0.214634,0.353414
VisA,pipe_fryum,/root/private_data/iad-vlm-anomaly/datasets/VisA_anomalib_1cls/pipe_fryum/test/anomaly/pipe_fryum_test_anomaly_081.JPG,datasets/VisA_anomalib_1cls/pipe_fryum/test/anomaly/pipe_fryum_test_anomaly_081.JPG,2,0.6480520554617337,129,103,139,110,133.50,106.16,64,0.740802,0.871485,0.000000,0.000000
VisA,pipe_fryum,/root/private_data/iad-vlm-anomaly/datasets/VisA_anomalib_1cls/pipe_fryum/test/anomaly/pipe_fryum_test_anomaly_082.JPG,datasets/VisA_anomalib_1cls/pipe_fryum/test/anomaly/pipe_fryum_test_anomaly_082.JPG,1,0.6480520554617337,89,83,131,124,107.75,106.10,1129,0.786527,1.000000,0.055802,0.105705
VisA,pipe_fryum,/root/private_data/iad-vlm-anomaly/datasets/VisA_anomalib_1cls/pipe_fryum/test/anomaly/pipe_fryum_test_anomaly_082.JPG,datasets/VisA_anomalib_1cls/pipe_fryum/test/anomaly/pipe_fryum_test_anomaly_082.JPG,2,0.6480520554617337,197,132,226,159,209.15,146.49,588,0.764856,0.902198,0.000000,0.000000
VisA,pipe_fryum,/root/private_data/iad-vlm-anomaly/datasets/VisA_anomalib_1cls/pipe_fryum/test/anomaly/pipe_fryum_test_anomaly_082.JPG,datasets/VisA_anomalib_1cls/pipe_fryum/test/anomaly/pipe_fryum_test_anomaly_082.JPG,3,0.6480520554617337,87,74,97,80,91.71,76.84,56,0.691994,0.748462,0.000000,0.000000
VisA,pipe_fryum,/root/private_data/iad-vlm-anomaly/datasets/VisA_anomalib_1cls/pipe_fryum/test/anomaly/pipe_fryum_test_anomaly_083.JPG,datasets/VisA_anomalib_1cls/pipe_fryum/test/anomaly/pipe_fryum_test_anomaly_083.JPG,1,0.6480520554617337,93,125,118,141,105.51,132.67,321,0.791997,1.000000,0.242667,0.390558
VisA,pipe_fryum,/root/private_data/iad-vlm-anomaly/datasets/VisA_anomalib_1cls/pipe_fryum/test/anomaly/pipe_fryum_test_anomaly_084.JPG,datasets/VisA_anomalib_1cls/pipe_fryum/test/anomaly/pipe_fryum_test_anomaly_084.JPG,1,0.6480520554617337,198,11,226,45,212.90,26.21,759,0.816185,1.000000,0.000000,0.000000
VisA,pipe_fryum,/root/private_data/iad-vlm-anomaly/datasets/VisA_anomalib_1cls/pipe_fryum/test/anomaly/pipe_fryum_test_anomaly_084.JPG,datasets/VisA_anomalib_1cls/pipe_fryum/test/anomaly/pipe_fryum_test_anomaly_084.JPG,2,0.6480520554617337,104,104,126,116,113.80,110.98,130,0.671548,0.719280,0.176245,0.299674
VisA,pipe_fryum,/root/private_data/iad-vlm-anomaly/datasets/VisA_anomalib_1cls/pipe_fryum/test/anomaly/pipe_fryum_test_anomaly_085.JPG,datasets/VisA_anomalib_1cls/pipe_fryum/test/anomaly/pipe_fryum_test_anomaly_085.JPG,1,0.6480520554617337,106,116,162,143,138.70,131.13,662,0.762100,0.983932,0.253078,0.403930
VisA,pipe_fryum,/root/private_data/iad-vlm-anomaly/datasets/VisA_anomalib_1cls/pipe_fryum/test/anomaly/pipe_fryum_test_anomaly_085.JPG,datasets/VisA_anomalib_1cls/pipe_fryum/test/anomaly/pipe_fryum_test_anomaly_085.JPG,2,0.6480520554617337,170,128,204,169,187.03,152.90,493,0.734595,0.947623,0.000000,0.000000
VisA,pipe_fryum,/root/private_data/iad-vlm-anomaly/datasets/VisA_anomalib_1cls/pipe_fryum/test/anomaly/pipe_fryum_test_anomaly_085.JPG,datasets/VisA_anomalib_1cls/pipe_fryum/test/anomaly/pipe_fryum_test_anomaly_085.JPG,3,0.6480520554617337,3,48,27,63,17.46,55.05,250,0.783288,1.000000,0.000000,0.000000
VisA,pipe_fryum,/root/private_data/iad-vlm-anomaly/datasets/VisA_anomalib_1cls/pipe_fryum/test/anomaly/pipe_fryum_test_anomaly_086.JPG,datasets/VisA_anomalib_1cls/pipe_fryum/test/anomaly/pipe_fryum_test_anomaly_086.JPG,1,0.6480520554617337,142,106,160,144,151.05,124.79,563,0.794912,1.000000,0.140320,0.246106
VisA,pipe_fryum,/root/private_data/iad-vlm-anomaly/datasets/VisA_anomalib_1cls/pipe_fryum/test/anomaly/pipe_fryum_test_anomaly_086.JPG,datasets/VisA_anomalib_1cls/pipe_fryum/test/anomaly/pipe_fryum_test_anomaly_086.JPG,2,0.6480520554617337,94,62,110,81,101.37,72.66,202,0.743645,0.903883,0.000000,0.000000
VisA,pipe_fryum,/root/private_data/iad-vlm-anomaly/datasets/VisA_anomalib_1cls/pipe_fryum/test/anomaly/pipe_fryum_test_anomaly_087.JPG,datasets/VisA_anomalib_1cls/pipe_fryum/test/anomaly/pipe_fryum_test_anomaly_087.JPG,1,0.6480520554617337,100,120,129,146,115.77,135.02,520,0.832014,1.000000,0.188406,0.317073
VisA,pipe_fryum,/root/private_data/iad-vlm-anomaly/datasets/VisA_anomalib_1cls/pipe_fryum/test/anomaly/pipe_fryum_test_anomaly_087.JPG,datasets/VisA_anomalib_1cls/pipe_fryum/test/anomaly/pipe_fryum_test_anomaly_087.JPG,2,0.6480520554617337,55,12,65,19,59.54,16.02,56,0.669355,0.700510,0.000000,0.000000
VisA,pipe_fryum,/root/private_data/iad-vlm-anomaly/datasets/VisA_anomalib_1cls/pipe_fryum/test/anomaly/pipe_fryum_test_anomaly_087.JPG,datasets/VisA_anomalib_1cls/pipe_fryum/test/anomaly/pipe_fryum_test_anomaly_087.JPG,3,0.6480520554617337,121,51,128,56,124.71,53.53,34,0.663742,0.680770,0.000000,0.000000
VisA,pipe_fryum,/root/private_data/iad-vlm-anomaly/datasets/VisA_anomalib_1cls/pipe_fryum/test/anomaly/pipe_fryum_test_anomaly_088.JPG,datasets/VisA_anomalib_1cls/pipe_fryum/test/anomaly/pipe_fryum_test_anomaly_088.JPG,1,0.6480520554617337,84,113,111,137,99.47,126.76,355,0.770523,1.000000,0.154930,0.268293
VisA,pipe_fryum,/root/private_data/iad-vlm-anomaly/datasets/VisA_anomalib_1cls/pipe_fryum/test/anomaly/pipe_fryum_test_anomaly_088.JPG,datasets/VisA_anomalib_1cls/pipe_fryum/test/anomaly/pipe_fryum_test_anomaly_088.JPG,2,0.6480520554617337,22,225,43,238,32.70,230.25,168,0.694907,0.748403,0.000000,0.000000
VisA,pipe_fryum,/root/private_data/iad-vlm-anomaly/datasets/VisA_anomalib_1cls/pipe_fryum/test/anomaly/pipe_fryum_test_anomaly_088.JPG,datasets/VisA_anomalib_1cls/pipe_fryum/test/anomaly/pipe_fryum_test_anomaly_088.JPG,3,0.6480520554617337,86,101,93,108,89.53,104.47,45,0.686937,0.733744,0.000000,0.000000
VisA,pipe_fryum,/root/private_data/iad-vlm-anomaly/datasets/VisA_anomalib_1cls/pipe_fryum/test/anomaly/pipe_fryum_test_anomaly_089.JPG,datasets/VisA_anomalib_1cls/pipe_fryum/test/anomaly/pipe_fryum_test_anomaly_089.JPG,1,0.6480520554617337,184,12,223,44,204.03,28.66,746,0.764901,1.000000,0.000000,0.000000
VisA,pipe_fryum,/root/private_data/iad-vlm-anomaly/datasets/VisA_anomalib_1cls/pipe_fryum/test/anomaly/pipe_fryum_test_anomaly_089.JPG,datasets/VisA_anomalib_1cls/pipe_fryum/test/anomaly/pipe_fryum_test_anomaly_089.JPG,2,0.6480520554617337,24,117,44,137,33.53,126.72,346,0.736837,0.914626,0.000000,0.000000
VisA,pipe_fryum,/root/private_data/iad-vlm-anomaly/datasets/VisA_anomalib_1cls/pipe_fryum/test/anomaly/pipe_fryum_test_anomaly_089.JPG,datasets/VisA_anomalib_1cls/pipe_fryum/test/anomaly/pipe_fryum_test_anomaly_089.JPG,3,0.6480520554617337,127,120,145,148,135.64,133.92,236,0.686940,0.733435,0.067368,0.126233
VisA,pipe_fryum,/root/private_data/iad-vlm-anomaly/datasets/VisA_anomalib_1cls/pipe_fryum/test/anomaly/pipe_fryum_test_anomaly_090.JPG,datasets/VisA_anomalib_1cls/pipe_fryum/test/anomaly/pipe_fryum_test_anomaly_090.JPG,1,0.6480520554617337,25,24,163,199,89.42,99.36,12130,0.757364,1.000000,0.450374,0.621045
VisA,pipe_fryum,/root/private_data/iad-vlm-anomaly/datasets/VisA_anomalib_1cls/pipe_fryum/test/anomaly/pipe_fryum_test_anomaly_090.JPG,datasets/VisA_anomalib_1cls/pipe_fryum/test/anomaly/pipe_fryum_test_anomaly_090.JPG,2,0.6480520554617337,168,112,174,122,171.17,116.67,54,0.674713,0.723686,0.003264,0.006508
VisA,pipe_fryum,/root/private_data/iad-vlm-anomaly/datasets/VisA_anomalib_1cls/pipe_fryum/test/anomaly/pipe_fryum_test_anomaly_090.JPG,datasets/VisA_anomalib_1cls/pipe_fryum/test/anomaly/pipe_fryum_test_anomaly_090.JPG,3,0.6480520554617337,8,101,11,107,9.33,104.29,21,0.659728,0.672723,0.000000,0.000000
VisA,pipe_fryum,/root/private_data/iad-vlm-anomaly/datasets/VisA_anomalib_1cls/pipe_fryum/test/anomaly/pipe_fryum_test_anomaly_091.JPG,datasets/VisA_anomalib_1cls/pipe_fryum/test/anomaly/pipe_fryum_test_anomaly_091.JPG,1,0.6480520554617337,67,109,146,190,103.03,137.64,2712,0.767438,1.000000,0.122692,0.218568
VisA,pipe_fryum,/root/private_data/iad-vlm-anomaly/datasets/VisA_anomalib_1cls/pipe_fryum/test/anomaly/pipe_fryum_test_anomaly_091.JPG,datasets/VisA_anomalib_1cls/pipe_fryum/test/anomaly/pipe_fryum_test_anomaly_091.JPG,2,0.6480520554617337,124,128,210,163,172.09,147.14,1572,0.711770,0.859862,0.076749,0.142557
VisA,pipe_fryum,/root/private_data/iad-vlm-anomaly/datasets/VisA_anomalib_1cls/pipe_fryum/test/anomaly/pipe_fryum_test_anomaly_091.JPG,datasets/VisA_anomalib_1cls/pipe_fryum/test/anomaly/pipe_fryum_test_anomaly_091.JPG,3,0.6480520554617337,129,45,165,111,148.21,74.00,1134,0.694465,0.839584,0.029774,0.057827
VisA,pipe_fryum,/root/private_data/iad-vlm-anomaly/datasets/VisA_anomalib_1cls/pipe_fryum/test/anomaly/pipe_fryum_test_anomaly_092.JPG,datasets/VisA_anomalib_1cls/pipe_fryum/test/anomaly/pipe_fryum_test_anomaly_092.JPG,1,0.6480520554617337,64,86,183,134,134.16,116.36,1990,0.744392,1.000000,0.179785,0.304776
VisA,pipe_fryum,/root/private_data/iad-vlm-anomaly/datasets/VisA_anomalib_1cls/pipe_fryum/test/anomaly/pipe_fryum_test_anomaly_092.JPG,datasets/VisA_anomalib_1cls/pipe_fryum/test/anomaly/pipe_fryum_test_anomaly_092.JPG,2,0.6480520554617337,87,73,118,95,104.55,82.79,462,0.741804,0.858463,0.045783,0.087558
VisA,pipe_fryum,/root/private_data/iad-vlm-anomaly/datasets/VisA_anomalib_1cls/pipe_fryum/test/anomaly/pipe_fryum_test_anomaly_092.JPG,datasets/VisA_anomalib_1cls/pipe_fryum/test/anomaly/pipe_fryum_test_anomaly_092.JPG,3,0.6480520554617337,36,62,66,83,53.27,73.88,392,0.734613,0.858071,0.000000,0.000000
VisA,pipe_fryum,/root/private_data/iad-vlm-anomaly/datasets/VisA_anomalib_1cls/pipe_fryum/test/anomaly/pipe_fryum_test_anomaly_093.JPG,datasets/VisA_anomalib_1cls/pipe_fryum/test/anomaly/pipe_fryum_test_anomaly_093.JPG,1,0.6480520554617337,51,70,203,163,127.65,109.81,6005,0.742137,1.000000,0.509235,0.674825
VisA,pipe_fryum,/root/private_data/iad-vlm-anomaly/datasets/VisA_anomalib_1cls/pipe_fryum/test/anomaly/pipe_fryum_test_anomaly_093.JPG,datasets/VisA_anomalib_1cls/pipe_fryum/test/anomaly/pipe_fryum_test_anomaly_093.JPG,2,0.6480520554617337,106,138,119,153,113.61,146.10,154,0.672155,0.711023,0.018565,0.036454
VisA,pipe_fryum,/root/private_data/iad-vlm-anomaly/datasets/VisA_anomalib_1cls/pipe_fryum/test/anomaly/pipe_fryum_test_anomaly_093.JPG,datasets/VisA_anomalib_1cls/pipe_fryum/test/anomaly/pipe_fryum_test_anomaly_093.JPG,3,0.6480520554617337,81,133,97,146,87.15,139.88,136,0.677840,0.716138,0.016395,0.032262
VisA,pipe_fryum,/root/private_data/iad-vlm-anomaly/datasets/VisA_anomalib_1cls/pipe_fryum/test/anomaly/pipe_fryum_test_anomaly_094.JPG,datasets/VisA_anomalib_1cls/pipe_fryum/test/anomaly/pipe_fryum_test_anomaly_094.JPG,1,0.6480520554617337,61,68,183,197,114.55,131.13,5693,0.735391,1.000000,0.351153,0.519783
VisA,pipe_fryum,/root/private_data/iad-vlm-anomaly/datasets/VisA_anomalib_1cls/pipe_fryum/test/anomaly/pipe_fryum_test_anomaly_094.JPG,datasets/VisA_anomalib_1cls/pipe_fryum/test/anomaly/pipe_fryum_test_anomaly_094.JPG,2,0.6480520554617337,167,169,187,206,178.16,190.22,440,0.709647,0.785984,0.027893,0.054273
VisA,pipe_fryum,/root/private_data/iad-vlm-anomaly/datasets/VisA_anomalib_1cls/pipe_fryum/test/anomaly/pipe_fryum_test_anomaly_094.JPG,datasets/VisA_anomalib_1cls/pipe_fryum/test/anomaly/pipe_fryum_test_anomaly_094.JPG,3,0.6480520554617337,82,157,96,167,89.92,162.76,66,0.664692,0.701232,0.005621,0.011180
VisA,pipe_fryum,/root/private_data/iad-vlm-anomaly/datasets/VisA_anomalib_1cls/pipe_fryum/test/anomaly/pipe_fryum_test_anomaly_095.JPG,datasets/VisA_anomalib_1cls/pipe_fryum/test/anomaly/pipe_fryum_test_anomaly_095.JPG,1,0.6480520554617337,76,51,182,159,125.75,108.96,6380,0.732364,1.000000,0.455968,0.626343
VisA,pipe_fryum,/root/private_data/iad-vlm-anomaly/datasets/VisA_anomalib_1cls/pipe_fryum/test/anomaly/pipe_fryum_test_anomaly_096.JPG,datasets/VisA_anomalib_1cls/pipe_fryum/test/anomaly/pipe_fryum_test_anomaly_096.JPG,1,0.6480520554617337,58,92,175,186,116.69,138.41,6900,0.802686,1.000000,0.737981,0.849239
VisA,pipe_fryum,/root/private_data/iad-vlm-anomaly/datasets/VisA_anomalib_1cls/pipe_fryum/test/anomaly/pipe_fryum_test_anomaly_097.JPG,datasets/VisA_anomalib_1cls/pipe_fryum/test/anomaly/pipe_fryum_test_anomaly_097.JPG,1,0.6480520554617337,58,72,195,147,127.23,110.51,4164,0.744246,1.000000,0.323628,0.489002
VisA,pipe_fryum,/root/private_data/iad-vlm-anomaly/datasets/VisA_anomalib_1cls/pipe_fryum/test/anomaly/pipe_fryum_test_anomaly_097.JPG,datasets/VisA_anomalib_1cls/pipe_fryum/test/anomaly/pipe_fryum_test_anomaly_097.JPG,2,0.6480520554617337,151,139,159,143,155.20,140.93,30,0.670867,0.701268,0.003121,0.006223
VisA,pipe_fryum,/root/private_data/iad-vlm-anomaly/datasets/VisA_anomalib_1cls/pipe_fryum/test/anomaly/pipe_fryum_test_anomaly_098.JPG,datasets/VisA_anomalib_1cls/pipe_fryum/test/anomaly/pipe_fryum_test_anomaly_098.JPG,1,0.6480520554617337,96,27,206,188,156.97,91.26,6213,0.759671,1.000000,0.235924,0.381777
VisA,pipe_fryum,/root/private_data/iad-vlm-anomaly/datasets/VisA_anomalib_1cls/pipe_fryum/test/anomaly/pipe_fryum_test_anomaly_098.JPG,datasets/VisA_anomalib_1cls/pipe_fryum/test/anomaly/pipe_fryum_test_anomaly_098.JPG,2,0.6480520554617337,68,47,110,122,83.91,91.32,1552,0.736532,0.905424,0.061869,0.116529
VisA,pipe_fryum,/root/private_data/iad-vlm-anomaly/datasets/VisA_anomalib_1cls/pipe_fryum/test/anomaly/pipe_fryum_test_anomaly_098.JPG,datasets/VisA_anomalib_1cls/pipe_fryum/test/anomaly/pipe_fryum_test_anomaly_098.JPG,3,0.6480520554617337,165,164,170,171,167.39,167.46,28,0.663438,0.685105,0.001563,0.003122
VisA,pipe_fryum,/root/private_data/iad-vlm-anomaly/datasets/VisA_anomalib_1cls/pipe_fryum/test/anomaly/pipe_fryum_test_anomaly_099.JPG,datasets/VisA_anomalib_1cls/pipe_fryum/test/anomaly/pipe_fryum_test_anomaly_099.JPG,1,0.6480520554617337,68,64,183,168,140.12,120.75,4206,0.774564,1.000000,0.323877,0.489286
VisA,pipe_fryum,/root/private_data/iad-vlm-anomaly/datasets/VisA_anomalib_1cls/pipe_fryum/test/anomaly/pipe_fryum_test_anomaly_099.JPG,datasets/VisA_anomalib_1cls/pipe_fryum/test/anomaly/pipe_fryum_test_anomaly_099.JPG,2,0.6480520554617337,125,159,145,168,136.98,163.90,128,0.698496,0.775638,0.012647,0.024978
